,out_channel0,M,R1,R2,R3,R4,R5,convblock1,widenfact1,B1,convblock2,widenfact2,B2,convblock3,widenfact3,B3,convblock4,widenfact4,B4,convblock5,widenfact5,B5,nb_params,nb_convs
0,64,1,6,0,0,0,0,2,0.639393360326249,2,0,0.0,0,0,0.0,0,0,0.0,0,0,0,0,3700338,36
1,12,3,10,4,10,0,0,1,0.6735016373307414,4,1,0.6444410804888998,4,1,0.6011355501090457,1,0,0.0,0,0,0,0,1408561,132
2,64,2,6,7,0,0,0,2,0.7508064310966124,1,1,0.7702305848394497,2,0,0.0,0,0,0.0,0,0,0,0,5539473,46
3,16,4,4,7,8,10,0,2,0.6596741817165007,1,1,0.5154479131089434,3,2,0.6091986830406968,1,1,0.7497513910963453,1,0,0,0,4990355,98
4,12,2,11,1,0,0,0,1,0.7655368009233326,1,1,0.6022503394027391,4,0,0.0,0,0,0.0,0,0,0,0,461501,30
5,16,3,1,8,9,0,0,1,0.565309384071953,4,1,0.7977207132736049,4,1,0.7460096407624479,2,0,0.0,0,0,0,0,2160222,108
6,16,2,6,11,0,0,0,1,0.5401249826583407,2,1,0.5584867226987833,2,0,0.0,0,0,0.0,0,0,0,0,2002981,68
7,16,4,1,14,7,7,0,1,0.7025949270538563,4,2,0.5548465825470933,2,2,0.7466951336875541,1,1,0.579580972014971,2,0,0,0,4487938,141
8,12,2,8,3,0,0,0,1,0.6545867368266928,3,1,0.5178029802210672,4,0,0.0,0,0,0.0,0,0,0,0,911874,72
9,32,4,10,7,0,6,0,1,0.5320220762484908,2,2,0.7874254160518988,3,2,0.5688410232749389,3,1,0.7138336163885977,2,0,0,0,14477393,127
